고객ID,연령,성별,지역명,거주시군구명,법정동명,소득
0,76,남성,부산,기장군,정관읍,2000만원 이하
1,80,여성,경기,안양시 만안구,안양동,2000~3000만원
2,38,남성,전남,보성군,보성읍,5000만원이상
3,25,여성,서울,영등포구,여의도동,3000~4000만원
4,33,여성,서울,강서구,방화동,2000~3000만원
5,68,남성,부산,연제구,연산동,5000만원이상
6,38,남성,강원,강릉시,노암동,4000~5000만원
7,58,남성,울산,남구,신정동,2000~3000만원
8,70,여성,경남,진주시,상대동,3000~4000만원
9,35,여성,경남,남해군,남면,5000만원이상
10,61,남성,경기,수원시 팔달구,지동,2000~3000만원
11,75,여성,경기,부천시,중동,3000~4000만원
12,71,여성,경기,용인시 기흥구,공세동,5000만원이상
13,19,남성,부산,부산진구,당감동,4000~5000만원
14,32,여성,서울,강서구,내발산동,2000만원 이하
15,67,여성,경기,고양시 일산동,마두동,5000만원이상
16,79,남성,부산,금정구,서동,2000만원 이하
17,48,남성,경남,창원시 마산합,월남동2가,2000만원 이하
18,45,남성,강원,홍천군,홍천읍,2000만원 이하
19,50,여성,강원,춘천시,석사동,4000~5000만원
20,44,여성,경기,성남시 중원구,은행동,2000~3000만원
21,69,남성,경남,창원시 진해구,청안동,4000~5000만원
22,43,여성,부산,서구,서대신동3가,5000만원이상
23,69,남성,서울,성동구,금호동1가,5000만원이상
24,44,남성,경기,이천시,호법면,2000~3000만원
25,38,남성,서울,송파구,방이동,2000~3000만원
26,69,여성,경남,창원시 의창구,봉곡동,5000만원이상
27,53,남성,인천,남구,주안동,4000~5000만원
28,62,여성,서울,서초구,반포동,4000~5000만원
29,62,여성,경기,안양시 동안구,비산동,5000만원이상
30,57,여성,경북,칠곡군,북삼읍,5000만원이상
31,39,여성,경남,거제시,고현동,5000만원이상
32,60,여성,대구,수성구,신매동,4000~5000만원
33,37,남성,경남,창원시 진해구,풍호동,4000~5000만원
34,60,여성,경남,창원시 의창구,팔용동,2000~3000만원
35,47,남성,울산,남구,신정동,2000~3000만원
36,57,남성,광주,광산구,오선동,5000만원이상
37,45,여성,경북,영덕군,영덕읍,2000만원 이하
38,59,여성,충북,청주시 청원구,오창읍,2000~3000만원
39,43,여성,경기,안양시 동안구,평촌동,2000~3000만원
40,28,여성,충남,태안군,안면읍,3000~4000만원
41,59,남성,강원,동해시,이로동,2000~3000만원
42,27,여성,서울,강남구,청담동,2000~3000만원
43,36,여성,경남,통영시,도천동,3000~4000만원
44,33,여성,대구,북구,복현동,4000~5000만원
45,29,남성,경북,포항시 북구,두호동,4000~5000만원
46,43,여성,대전,서구,월평동,5000만원이상
47,37,여성,서울,강서구,화곡동,2000~3000만원
48,39,남성,서울,강서구,화곡동,2000~3000만원
49,47,여성,전북,정읍시,신태인읍,5000만원이상
50,38,여성,인천,남동구,고잔동,5000만원이상
51,24,남성,서울,영등포구,신길동,2000~3000만원
52,73,여성,서울,서초구,반포동,3000~4000만원
53,21,여성,전북,익산시,남중동,4000~5000만원
54,32,남성,전남,고흥군,도덕면,2000~3000만원
55,56,여성,울산,동구,방어동,5000만원이상
56,56,여성,전남,여수시,봉계동,3000~4000만원
57,31,남성,서울,송파구,삼전동,3000~4000만원
58,37,여성,경기,광명시,하안동,4000~5000만원
59,71,여성,광주,북구,일곡동,5000만원이상
60,21,남성,전북,전주시 덕진구,인후동1가,3000~4000만원
61,52,남성,강원,원주시,신림면,4000~5000만원
62,60,여성,경기,용인시 수지구,상현동,3000~4000만원
63,74,남성,대구,달서구,도원동,2000만원 이하
64,57,여성,충남,태안군,안면읍,3000~4000만원
65,67,여성,대구,동구,율하동,5000만원이상
66,27,여성,경북,포항시 남구,오천읍,2000만원 이하
67,29,여성,경기,연천군,전곡읍,4000~5000만원
68,31,여성,경기,고양시 덕양구,지축동,2000만원 이하
69,52,여성,대구,수성구,지산동,5000만원이상
70,31,남성,서울,송파구,잠실동,5000만원이상
71,43,남성,경기,고양시 일산동,성석동,4000~5000만원
72,80,여성,인천,남동구,구월동,3000~4000만원
73,31,남성,대전,중구,태평동,3000~4000만원
74,65,여성,경북,포항시 북구,창포동,3000~4000만원
75,72,여성,부산,기장군,정관읍,3000~4000만원
76,80,여성,대구,달서구,감삼동,2000~3000만원
77,43,남성,서울,영등포구,대림동,2000~3000만원
78,21,남성,경북,칠곡군,석적읍,3000~4000만원
79,63,여성,경기,수원시 영통구,영통동,2000~3000만원
80,66,남성,전북,정읍시,상동,2000만원 이하
81,23,여성,부산,사하구,장림동,2000만원 이하
82,74,여성,충남,천안시,두정동  ,2000만원 이하
83,71,남성,전남,담양군,담양읍,3000~4000만원
84,35,여성,충북,청주시 서원구,개신동,2000만원 이하
85,67,남성,강원,태백시,혈동,5000만원이상
86,66,여성,대전,대덕구,법동,2000~3000만원
87,25,남성,충북,진천군,진천읍,4000~5000만원
88,74,여성,울산,남구,삼산동,3000~4000만원
89,80,여성,경남,김해시,한림면,5000만원이상
90,32,남성,전남,순천시,덕월동,3000~4000만원
91,20,여성,경기,시흥시,대야동,3000~4000만원
92,76,남성,서울,광진구,광장동,4000~5000만원
93,28,남성,충북,청주시 상당구,탑동,4000~5000만원
94,80,여성,대구,수성구,만촌동,3000~4000만원
95,55,여성,인천,서구,검암동,4000~5000만원
96,29,여성,대구,수성구,범어동,5000만원이상
97,58,남성,경기,성남시 분당구,금곡동,2000만원 이하
98,51,남성,인천,부평구,산곡동,3000~4000만원
99,23,남성,전남,진도군,임회면,5000만원이상
100,66,여성,서울,성동구,성수동2가,4000~5000만원
101,58,남성,충남,당진시,송산면,2000~3000만원
102,45,남성,경북,포항시 남구,연일읍,3000~4000만원
103,65,여성,서울,관악구,봉천동,5000만원이상
104,74,남성,전북,익산시,송학동,3000~4000만원
105,48,여성,인천,미추홀구,주안동,2000만원 이하
106,55,여성,서울,동작구,신대방동,2000~3000만원
107,30,여성,경기,의정부시,민락동,5000만원이상
108,50,남성,경기,성남시 분당구,정자동,3000~4000만원
109,28,남성,경기,화성시,장안면,3000~4000만원
110,71,여성,대구,달서구,감삼동,3000~4000만원
111,19,남성,서울,도봉구,도봉동,5000만원이상
112,60,여성,울산,북구,달천동,4000~5000만원
113,39,여성,경기,수원시 권선구,평동,3000~4000만원
114,76,여성,경기,화성시,봉담읍,2000만원 이하
115,68,남성,전북,완주군,동상면,3000~4000만원
116,41,남성,서울,노원구,중계동,4000~5000만원
117,72,여성,부산,북구,화명동,3000~4000만원
118,62,남성,광주,북구,양산동,3000~4000만원
119,67,여성,경기,성남시 중원구,상대원동,5000만원이상
120,36,여성,강원,속초시,노학동,4000~5000만원
121,71,남성,울산,남구,삼산동,3000~4000만원
122,62,여성,대전,동구,성남동,4000~5000만원
123,28,여성,경기,여주시,점동면,4000~5000만원
124,26,남성,서울,강남구,일원동,2000만원 이하
125,56,남성,부산,강서구,대저2동,2000~3000만원
126,40,여성,경기,오산시,금암동,5000만원이상
127,49,남성,경기,부천시,상동,4000~5000만원
128,70,남성,경기,부천시 오정구,원종동,5000만원이상
129,38,남성,서울,광진구,자양동,3000~4000만원
130,23,여성,서울,도봉구,창동,3000~4000만원
131,33,남성,경북,고령군,다산면,2000~3000만원
132,77,남성,경북,경주시,안강읍,4000~5000만원
133,67,남성,경기,안양시 동안구,비산동,3000~4000만원
134,56,여성,경북,구미시,진평동,2000~3000만원
135,24,여성,대구,수성구,황금동,2000만원 이하
136,54,여성,충남,서산시,예천동,2000만원 이하
137,34,남성,부산,부산진구,범천동,2000만원 이하
138,61,남성,서울,노원구,공릉동,3000~4000만원
139,59,남성,대구,동구,신기동,3000~4000만원
140,73,남성,서울,강서구,화곡동,2000만원 이하
141,78,여성,충북,영동군,추풍령면,2000~3000만원
142,24,여성,서울,서대문구,홍제동,3000~4000만원
143,31,남성,부산,해운대구,좌동,5000만원이상
144,37,남성,서울,영등포구,여의도동,2000만원 이하
145,70,여성,서울,영등포구,문래동6가,4000~5000만원
146,26,남성,경기,고양시 일산동,장항동,5000만원이상
147,28,여성,부산,남구,문현동,5000만원이상
148,34,여성,경남,창원시 마산회,합성동,2000만원 이하
149,29,남성,부산,북구,화명동,2000~3000만원
150,59,남성,경남,창원시 마산회,봉암동,5000만원이상
151,71,남성,경기,안산시 단원구,성곡동,2000만원 이하
152,73,남성,경남,창원시 의창구,동읍,5000만원이상
153,36,여성,경남,창원시 마산회,구암동,5000만원이상
154,53,남성,서울,광진구,자양동,2000만원 이하
155,80,여성,경남,고성군,하이면,2000만원 이하
156,60,남성,대전,서구,탄방동,2000만원 이하
157,21,여성,경기,수원시 영통구,원천동,2000~3000만원
158,43,여성,전남,목포시,용당동,2000만원 이하
159,78,여성,서울,동작구,신대방동,5000만원이상
160,55,여성,경기,안산시 상록구,본오동,4000~5000만원
161,31,여성,인천,남동구,고잔동,2000만원 이하
162,52,여성,경남,창원시 성산구,내동,2000~3000만원
163,60,남성,경기,용인시 기흥구,구갈동,4000~5000만원
164,70,여성,강원,삼척시,정상동,4000~5000만원
165,35,여성,대전,대덕구,비래동,5000만원이상
166,42,남성,강원,동해시,이도동,4000~5000만원
167,64,여성,전북,익산시,송학동,3000~4000만원
168,23,여성,부산,금정구,장전동,4000~5000만원
169,42,남성,서울,영등포구,문래동2가,3000~4000만원
170,35,남성,경남,통영시,무전동,2000~3000만원
171,27,남성,인천,남동구,만수동,4000~5000만원
172,80,남성,경남,창원시 마산합,산호동,2000만원 이하
173,42,남성,서울,관악구,신림동,3000~4000만원
174,74,여성,경남,창원시 마산회,회원동,5000만원이상
175,73,여성,부산,북구,구포동,2000만원 이하
176,56,여성,경남,양산시,평산동,4000~5000만원
177,27,여성,인천,부평구,삼산동,2000만원 이하
178,69,여성,인천,남동구,간석동,4000~5000만원
179,70,여성,경기,오산시,부산동,2000만원 이하
180,39,여성,경기,고양시 일산동,마두동,3000~4000만원
181,72,여성,부산,해운대구,중동,2000만원 이하
182,42,여성,서울,동대문구,장안동,4000~5000만원
183,68,여성,서울,은평구,불광동,3000~4000만원
184,51,남성,광주,북구,두암동,2000만원 이하
185,32,남성,전남,여수시,신기동,2000만원 이하
186,33,여성,경기,수원시 영통구,매탄동,3000~4000만원
187,25,여성,대전,중구,선화동,5000만원이상
188,74,남성,전남,광양시,광양읍,5000만원이상
189,30,여성,경기,평택시,포승읍,2000~3000만원
190,78,여성,경기,성남시 수정구,창곡동,4000~5000만원
191,77,남성,충남,논산시,지산동,5000만원이상
192,60,남성,경남,통영시,도남동,2000~3000만원
193,66,남성,인천,중구,경동,3000~4000만원
194,42,남성,서울,송파구,마천동,2000~3000만원
195,74,여성,경기,이천시,갈산동,2000만원 이하
196,75,여성,전북,전주시 덕진구,인후동1가,3000~4000만원
197,37,여성,울산,북구,진장동,2000만원 이하
198,41,남성,경기,화성시,병점동,2000만원 이하
199,22,남성,경북,상주시,공성면,4000~5000만원
200,66,남성,경기,의정부시,가능동,2000~3000만원
201,19,남성,경기,안산시 단원구,신길동,2000만원 이하
202,57,여성,경남,사천시,곤양면,3000~4000만원
203,24,여성,부산,금정구,부곡동,2000만원 이하
204,58,여성,서울,중랑구,묵동,5000만원이상
205,49,여성,경기,구리시,인창동,2000만원 이하
206,38,남성,경기,안산시 단원구,성곡동,4000~5000만원
207,76,남성,경기,고양시 일산서,탄현동,2000만원 이하
208,34,남성,충북,충주시,교현동,5000만원이상
209,39,여성,충북,보은군,산외면,5000만원이상
210,46,남성,서울,송파구,가락동,2000~3000만원
211,20,남성,서울,도봉구,도봉동,5000만원이상
212,46,남성,경기,화성시,매송면,5000만원이상
213,58,여성,울산,울주군,삼남읍,5000만원이상
214,20,여성,경기,수원시 팔달구,우만동,4000~5000만원
215,23,여성,광주,서구,풍암동,2000~3000만원
216,25,남성,대전,유성구,장대동,4000~5000만원
217,20,남성,경기,김포시,사우동,2000만원 이하
218,24,남성,인천,서구,가정동,5000만원이상
219,67,여성,서울,종로구,부암동,3000~4000만원
220,66,여성,울산,남구,삼산동,4000~5000만원
221,53,남성,강원,원주시,무실동,2000~3000만원
222,62,여성,충남,공주시,금흥동,4000~5000만원
223,69,여성,부산,사하구,감천동,2000만원 이하
224,54,남성,경기,용인시 기흥구,언남동,3000~4000만원
225,25,남성,서울,강남구,도곡동,2000만원 이하
226,68,여성,부산,연제구,연산동,3000~4000만원
227,44,여성,전북,군산시,미장동,4000~5000만원
228,59,여성,대구,수성구,황금동,2000만원 이하
229,77,여성,경기,광주시,도척면,2000~3000만원
230,71,남성,경기,광명시,하안동,4000~5000만원
231,57,여성,경기,광주시,장지동,2000만원 이하
232,30,남성,경남,거제시,장목면,4000~5000만원
233,66,남성,부산,수영구,광안동,2000~3000만원
234,27,남성,경기,파주시,아동동,5000만원이상
235,50,남성,울산,북구,매곡동,2000만원 이하
236,66,남성,대구,달서구,이곡동,4000~5000만원
237,34,남성,부산,사상구,주례동,2000~3000만원
238,22,여성,경기,김포시,장기동,2000만원 이하
239,46,남성,충남,서산시,부석면,3000~4000만원
240,47,여성,대구,수성구,수성동4가,2000~3000만원
241,32,여성,인천,계양구,작전동,3000~4000만원
242,38,여성,경기,이천시,부발읍,3000~4000만원
243,33,남성,경기,용인시 수지구,죽전동,2000~3000만원
244,43,남성,경기,부천시,중동,3000~4000만원
245,22,남성,경기,화성시,병점동,3000~4000만원
246,79,남성,경기,김포시,대곶면,2000만원 이하
247,74,남성,세종특별자치시,세종시,조치원읍,2000만원 이하
248,24,남성,서울,동작구,동작동,2000만원 이하
249,20,여성,충남,공주시,금성동,2000만원 이하
250,26,여성,경기,고양시 일산동,마두동,2000~3000만원
251,68,남성,부산,부산진구,당감동,2000만원 이하
252,80,여성,서울,강동구,암사동,5000만원이상
253,62,여성,인천,남동구,논현동,4000~5000만원
254,38,여성,서울,양천구,신월동,2000만원 이하
255,19,남성,강원,강릉시,교동,3000~4000만원
256,50,여성,경남,밀양시,삼문동,2000만원 이하
257,51,남성,강원,춘천시,소양로4가,4000~5000만원
258,36,여성,경기,남양주시,퇴계원읍,5000만원이상
259,34,여성,서울,서초구,반포동,2000~3000만원
260,49,남성,경기,김포시,운양동,2000~3000만원
261,68,여성,경기,안산시 단원구,초지동,2000~3000만원
262,38,여성,인천,서구,가좌동,3000~4000만원
263,19,여성,경기,성남시 분당구,이매동,5000만원이상
264,61,여성,대구,북구,검단동,2000만원 이하
265,57,남성,인천,서구,가좌동,5000만원이상
266,58,여성,서울,양천구,신월동,4000~5000만원
267,54,여성,인천,남동구,남촌동,2000~3000만원
268,64,여성,경기,안양시 동안구,관양동,4000~5000만원
269,70,남성,서울,광진구,중곡동,4000~5000만원
270,29,남성,경기,화성시,청계동,4000~5000만원
271,46,남성,경기,성남시 분당구,분당동,2000~3000만원
272,32,여성,서울,강남구,역삼동,2000~3000만원
273,67,여성,경남,김해시,내덕동,3000~4000만원
274,26,남성,경기,남양주시,일패동,2000만원 이하
275,63,남성,서울,성동구,성수동1가,2000~3000만원
276,39,여성,광주,서구,금호동,4000~5000만원
277,69,여성,경기,안산시 단원구,원시동,2000~3000만원
278,58,남성,경남,창원시 성산구,사파동,3000~4000만원
279,38,여성,서울,송파구,오금동,3000~4000만원
280,42,여성,인천,서구,마전동,3000~4000만원
281,71,여성,경기,고양시 덕양구,화정동,4000~5000만원
282,60,남성,서울,중구,서소문동,3000~4000만원
283,22,남성,전남,나주시,금천면,5000만원이상
284,51,여성,경북,구미시,오태동,2000만원 이하
285,30,여성,광주,광산구,도산동,2000~3000만원
286,45,여성,경남,창원시 마산회,내서읍,5000만원이상
287,79,여성,대구,북구,대현동,2000만원 이하
288,59,여성,대구,수성구,수성동3가,2000만원 이하
289,60,남성,대구,수성구,수성동4가,2000~3000만원
290,33,여성,경북,경산시,와촌면,5000만원이상
291,77,남성,대전,유성구,전민동,4000~5000만원
292,80,남성,경기,안성시,옥산동,4000~5000만원
293,55,여성,강원,강릉시,견소동,3000~4000만원
294,50,남성,경기,수원시 영통구,하동,2000~3000만원
295,39,남성,대구,수성구,노변동,2000만원 이하
296,33,남성,서울,은평구,갈현동,5000만원이상
297,22,남성,경기,안양시 동안구,관양동,4000~5000만원
298,52,여성,서울,영등포구,당산동4가,2000만원 이하
299,24,남성,대구,수성구,만촌동,5000만원이상
300,52,여성,충북,청주시 서원구,남이면,2000~3000만원
301,65,여성,서울,양천구,신월동,2000만원 이하
302,45,남성,전북,군산시,나운동,4000~5000만원
303,47,여성,대전,대덕구,중리동,4000~5000만원
304,48,남성,전남,여수시,평여동,5000만원이상
305,58,남성,서울,양천구,신월동,2000만원 이하
306,38,여성,경기,평택시,세교동,2000만원 이하
307,57,여성,강원,강릉시,포남동,3000~4000만원
308,43,여성,서울,강남구,논현동,4000~5000만원
309,42,남성,전남,강진군,군동면,4000~5000만원
310,65,여성,부산,기장군,기장읍,5000만원이상
311,22,여성,경북,칠곡군,석적읍,2000~3000만원
312,50,남성,경기,부천시,송내동,2000~3000만원
313,54,남성,경기,이천시,중리동,5000만원이상
314,29,여성,전남,순천시,장천동,2000~3000만원
315,38,남성,인천,남동구,만수동,4000~5000만원
316,57,남성,서울,성북구,정릉동,5000만원이상
317,44,남성,인천,부평구,산곡동,5000만원이상
318,52,여성,경남,거창군,거창읍,2000~3000만원
319,68,여성,서울,노원구,상계동,5000만원이상
320,49,남성,부산,부산진구,개금동,4000~5000만원
321,38,여성,충남,논산시,연무읍,4000~5000만원
322,55,여성,강원,고성군,토성면,2000만원 이하
323,48,남성,전남,여수시,호명동,4000~5000만원
324,46,여성,충북,청주시 흥덕구,복대동,2000만원 이하
325,71,여성,서울,관악구,봉천동,2000만원 이하
326,29,남성,울산,남구,무거동,2000만원 이하
327,74,남성,경기,하남시,덕풍동,4000~5000만원
328,38,남성,경남,밀양시,삼랑진읍,2000~3000만원
329,24,남성,경기,시흥시,정왕동,5000만원이상
330,43,남성,울산,중구,태화동,5000만원이상
331,46,여성,울산,동구,화정동,4000~5000만원
332,80,남성,광주,서구,금호동,4000~5000만원
333,76,남성,경기,시흥시,장곡동,4000~5000만원
334,34,남성,경기,수원시 권선구,금곡동,3000~4000만원
335,63,여성,부산,연제구,연산동,5000만원이상
336,60,남성,강원,원주시,호저면,2000~3000만원
337,53,남성,전북,군산시,산북동,3000~4000만원
338,75,남성,충북,충주시,금릉동,4000~5000만원
339,30,남성,전북,전주시 완산구,평화동1가,2000~3000만원
340,80,여성,경기,구리시,인창동,2000~3000만원
341,58,남성,경기,용인시 기흥구,보라동,3000~4000만원
342,59,여성,경기,평택시,서정동,4000~5000만원
343,29,남성,전남,목포시,연산동,2000만원 이하
344,35,남성,경남,진주시,망경동,2000~3000만원
345,40,남성,부산,해운대구,반송동,2000만원 이하
346,43,여성,강원,양구군,동면,5000만원이상
347,42,남성,경북,경주시,건천읍,5000만원이상
348,71,여성,경기,부천시 원미구,원미동,4000~5000만원
349,63,남성,전북,전주시 완산구,서노송동,5000만원이상
350,55,남성,서울,노원구,상계동,2000만원 이하
351,44,여성,경북,경주시,황성동,4000~5000만원
352,37,남성,인천,미추홀구,주안동,3000~4000만원
353,31,남성,서울,중구,중림동,2000~3000만원
354,22,여성,경남,김해시,흥동,4000~5000만원
355,53,여성,대구,북구,태전동,2000~3000만원
356,67,남성,경기,구리시,토평동,5000만원이상
357,67,남성,광주,북구,일곡동,4000~5000만원
358,23,남성,경기,용인시 처인구,이동읍,5000만원이상
359,60,남성,충남,금산군,금성면,5000만원이상
360,44,여성,경기,군포시,금정동,2000만원 이하
361,49,남성,서울,강북구,미아동,2000~3000만원
362,56,남성,인천,연수구,송도동,4000~5000만원
363,44,남성,서울,노원구,중계동,3000~4000만원
364,51,남성,경북,성주군,선남면,2000만원 이하
365,70,남성,경남,진주시,상대동,2000만원 이하
366,49,남성,충남,당진시,시곡동,5000만원이상
367,51,여성,경기,고양시 일산동,중산동,4000~5000만원
368,24,남성,인천,연수구,옥련동,2000~3000만원
369,29,남성,전북,익산시,부송동,2000~3000만원
370,48,여성,경기,김포시,감정동,5000만원이상
371,62,남성,경북,안동시,용상동,2000~3000만원
372,56,남성,경남,밀양시,무안면,2000~3000만원
373,63,남성,부산,동구,초량동,2000만원 이하
374,33,남성,부산,부산진구,부전동,5000만원이상
375,45,남성,부산,사상구,엄궁동,4000~5000만원
376,30,남성,경남,창원시 성산구,상남동,2000만원 이하
377,64,여성,서울,영등포구,신길동,3000~4000만원
378,53,남성,경남,창원시 의창구,봉곡동,4000~5000만원
379,62,여성,부산,남구,용호동,2000~3000만원
380,67,여성,충남,천안시,두정동  ,4000~5000만원
381,64,남성,경남,창원시 마산회,양덕동,3000~4000만원
382,73,남성,대구,동구,신암동,3000~4000만원
383,50,여성,인천,부평구,청천동,5000만원이상
384,71,남성,경북,상주시,복룡동,5000만원이상
385,70,남성,울산,동구,서부동,4000~5000만원
386,64,여성,광주,동구,계림동,4000~5000만원
387,43,여성,경기,안성시,봉남동,2000~3000만원
388,63,여성,부산,수영구,민락동,5000만원이상
389,63,여성,서울,도봉구,도봉동,2000만원 이하
390,71,여성,경남,통영시,북신동,5000만원이상
391,37,여성,서울,종로구,종로5가,2000만원 이하
392,77,여성,대구,달서구,월성동,5000만원이상
393,44,여성,대전,중구,용두동,3000~4000만원
394,39,여성,대구,동구,용계동,2000~3000만원
395,53,여성,대구,달서구,유천동,3000~4000만원
396,77,남성,경기,고양시 덕양구,행신동,3000~4000만원
397,68,여성,전남,함평군,함평읍,5000만원이상
398,28,남성,서울,송파구,문정동,2000~3000만원
399,40,남성,강원,화천군,사내면,4000~5000만원
400,47,여성,경기,남양주시,오남읍,3000~4000만원
401,57,남성,경기,파주시,금촌동,5000만원이상
402,30,여성,전북,군산시,소룡동,5000만원이상
403,21,남성,충북,청주시 상당구,방서동,3000~4000만원
404,71,남성,서울,양천구,신월동,2000만원 이하
405,66,여성,서울,서초구,서초동,5000만원이상
406,42,남성,전남,영암군,삼호읍,2000만원 이하
407,48,여성,경남,창원시 의창구,서상동,3000~4000만원
408,24,남성,경기,고양시 일산서,주엽동,4000~5000만원
409,47,남성,경기,수원시 권선구,금곡동,5000만원이상
410,23,여성,경기,안양시 만안구,안양동,2000~3000만원
411,20,남성,경남,진주시,상평동,3000~4000만원
412,55,남성,서울,동대문구,장안동,4000~5000만원
413,32,남성,전남,순천시,풍덕동,5000만원이상
414,20,남성,서울,영등포구,대림동,4000~5000만원
415,23,여성,강원,원주시,단구동,4000~5000만원
416,75,여성,서울,영등포구,여의도동,2000만원 이하
417,21,남성,경기,안산시 단원구,원곡동,3000~4000만원
418,36,남성,서울,강서구,염창동,3000~4000만원
419,57,여성,경북,영주시,휴천동,2000~3000만원
420,27,남성,경북,포항시 남구,연일읍,3000~4000만원
421,73,여성,서울,양천구,신정동,2000만원 이하
422,44,여성,경기,의정부시,신곡동,2000~3000만원
423,25,남성,경기,고양시 일산동,정발산동,2000만원 이하
424,53,여성,충남,아산시,방축동,2000~3000만원
425,43,여성,인천,남동구,논현동,2000만원 이하
426,56,남성,충북,충주시,칠금동,4000~5000만원
427,55,남성,경기,남양주시,별내동,2000~3000만원
428,24,남성,부산,북구,구포동,5000만원이상
429,33,남성,부산,동래구,온천동,5000만원이상
430,63,남성,서울,강동구,명일동,2000만원 이하
431,51,남성,경기,안산시 단원구,선부동,5000만원이상
432,79,여성,경남,사천시,동금동,2000만원 이하
433,30,여성,부산,금정구,남산동,3000~4000만원
434,54,남성,서울,송파구,오금동,2000만원 이하
435,56,여성,경남,창원시 의창구,팔용동,5000만원이상
436,27,남성,충남,논산시,대교동,2000~3000만원
437,77,남성,서울,성북구,돈암동,2000~3000만원
438,64,남성,경기,남양주시,화도읍,2000~3000만원
439,20,남성,충북,음성군,맹동면,4000~5000만원
440,28,남성,경기,양평군,양평읍,4000~5000만원
441,42,여성,서울,종로구,창신동,3000~4000만원
442,77,남성,경기,수원시 장안구,정자동,2000~3000만원
443,39,여성,충남,서산시,석남동,4000~5000만원
444,26,여성,전남,구례군,용방면,3000~4000만원
445,55,여성,충남,예산군,예산읍,4000~5000만원
446,42,여성,경기,시흥시,정왕동,2000~3000만원
447,20,남성,충남,당진시,석문면,3000~4000만원
448,19,여성,광주,광산구,월곡동,5000만원이상
449,73,여성,대구,달서구,상인동,2000만원 이하
450,24,남성,경기,고양시 일산동,백석동,5000만원이상
451,49,남성,광주,남구,봉선동,5000만원이상
452,20,여성,충남,보령시,죽정동,3000~4000만원
453,36,남성,경기,수원시 팔달구,장안동,2000~3000만원
454,27,남성,경기,성남시 중원구,중앙동,2000만원 이하
455,62,남성,서울,강남구,대치동,3000~4000만원
456,32,남성,제주,서귀포시,서호동,2000~3000만원
457,44,여성,서울,동대문구,답십리동,3000~4000만원
458,57,남성,충남,천안시,불당동  ,3000~4000만원
459,61,남성,경북,구미시,상모동,2000만원 이하
460,60,남성,경기,여주시,현암동,2000만원 이하
461,46,여성,울산,북구,명촌동,3000~4000만원
462,45,여성,경남,창원시 성산구,대원동,5000만원이상
463,30,남성,경기,화성시,병점동,3000~4000만원
464,63,남성,서울,도봉구,방학동,2000~3000만원
465,40,여성,경기,양주시,광적면,2000~3000만원
466,36,여성,전남,나주시,산포면,3000~4000만원
467,58,여성,서울,구로구,구로동,2000~3000만원
468,76,여성,경남,김해시,무계동,5000만원이상
469,35,남성,경기,파주시,금촌동,2000만원 이하
470,35,여성,서울,노원구,월계동,4000~5000만원
471,40,남성,경기,수원시 팔달구,화서동,4000~5000만원
472,40,남성,경기,남양주시,다산동,4000~5000만원
473,71,여성,경기,용인시 수지구,죽전동,5000만원이상
474,72,여성,경남,창원시 마산회,내서읍,5000만원이상
475,42,여성,강원,원주시,명륜동,3000~4000만원
476,70,여성,서울,성북구,길음동,2000만원 이하
477,47,여성,충남,천안시,쌍룡동  ,4000~5000만원
478,37,여성,울산,남구,삼산동,3000~4000만원
479,69,여성,울산,남구,신정동,5000만원이상
480,57,남성,부산,기장군,정관읍,2000만원 이하
481,24,남성,대구,중구,남산동,2000만원 이하
482,34,남성,충북,충주시,연수동,4000~5000만원
483,75,남성,서울,강남구,수서동,5000만원이상
484,40,남성,서울,마포구,성산동,2000만원 이하
485,21,여성,충북,제천시,명동,3000~4000만원
486,62,남성,충북,청주시 서원구,사창동,2000~3000만원
487,62,여성,충남,천안시,쌍룡동  ,5000만원이상
488,80,여성,대전,유성구,전민동,5000만원이상
489,19,여성,대구,북구,칠성동2가,2000~3000만원
490,60,여성,부산,중구,중앙동6가,4000~5000만원
491,34,여성,경기,의정부시,산곡동,4000~5000만원
492,42,여성,인천,남구,용현동,2000만원 이하
493,65,여성,강원,강릉시,입암동,5000만원이상
494,32,남성,서울,노원구,하계동,4000~5000만원
495,41,여성,경남,밀양시,상남면,3000~4000만원
496,30,남성,전북,익산시,영등동,5000만원이상
497,29,여성,경남,창원시 마산회,합성동,4000~5000만원
498,33,여성,경기,김포시,고촌읍,4000~5000만원
499,22,남성,대구,달서구,이곡동,2000~3000만원
500,40,남성,서울,강동구,성내동,2000~3000만원
501,70,남성,강원,원주시,명륜동,3000~4000만원
502,74,여성,충북,진천군,백곡면,4000~5000만원
503,31,남성,서울,관악구,신림동,5000만원이상
504,28,여성,서울,노원구,하계동,3000~4000만원
505,21,남성,경기,평택시,세교동,2000~3000만원
506,38,남성,서울,서초구,우면동,2000~3000만원
507,24,여성,서울,광진구,구의동,2000~3000만원
508,39,여성,서울,광진구,구의동,4000~5000만원
509,58,남성,경기,시흥시,대야동,4000~5000만원
510,33,여성,경기,하남시,신장동,5000만원이상
511,49,남성,전남,나주시,대기동,4000~5000만원
512,47,여성,서울,광진구,자양동,4000~5000만원
513,44,남성,대구,달서구,상인동,4000~5000만원
514,51,남성,대전,동구,중동,2000~3000만원
515,35,남성,서울,중랑구,면목동,2000~3000만원
516,28,남성,경북,포항시 북구,두호동,3000~4000만원
517,56,남성,경기,의왕시,삼동,2000만원 이하
518,52,남성,전북,전주시 완산구,효자동3가,2000~3000만원
519,76,여성,서울,강북구,수유동,2000~3000만원
520,50,여성,경기,파주시,아동동,2000~3000만원
521,51,여성,경기,용인시 기흥구,보정동,5000만원이상
522,42,여성,경남,창원시 성산구,대방동,2000~3000만원
523,41,남성,대전,유성구,원내동,2000~3000만원
524,48,여성,부산,북구,화명동,2000~3000만원
525,30,여성,서울,송파구,신천동,3000~4000만원
526,31,남성,경기,수원시 팔달구,고등동,2000~3000만원
527,37,여성,경남,김해시,삼문동,2000~3000만원
528,32,여성,경남,양산시,물금읍,3000~4000만원
529,34,남성,인천,계양구,계산동,5000만원이상
530,55,남성,서울,송파구,풍납동,4000~5000만원
531,75,여성,서울,마포구,창전동,3000~4000만원
532,49,남성,제주,제주시,화북1동,4000~5000만원
533,26,남성,대전,서구,월평동,2000만원 이하
534,53,여성,경기,하남시,망월동,2000~3000만원
535,70,남성,충북,제천시,장락동,4000~5000만원
536,47,남성,경기,의정부시,민락동,5000만원이상
537,41,남성,경기,부천시 오정구,고강동,5000만원이상
538,54,여성,서울,송파구,가락동,4000~5000만원
539,60,남성,서울,영등포구,양평동4가,3000~4000만원
540,33,여성,경기,화성시,팔탄면,3000~4000만원
541,51,남성,경기,안산시 단원구,초지동,5000만원이상
542,34,여성,경남,창원시 마산합,창포동3가,2000~3000만원
543,77,남성,경북,경주시,외동읍,5000만원이상
544,77,여성,경기,고양시 일산서,법곳동,3000~4000만원
545,71,남성,서울,은평구,대조동,4000~5000만원
546,35,여성,충북,청주시 청원구,율량동,3000~4000만원
547,40,남성,경기,김포시,풍무동,4000~5000만원
548,45,여성,서울,금천구,시흥동,4000~5000만원
549,58,여성,인천,서구,가정동,5000만원이상
550,74,여성,서울,중구,예관동,2000만원 이하
551,23,남성,경기,남양주시,평내동,5000만원이상
552,25,남성,부산,연제구,연산동,2000만원 이하
553,72,여성,부산,동래구,명륜동,2000만원 이하
554,69,남성,충북,청주시 상당구,용암동,5000만원이상
555,62,남성,강원,정선군,사북읍,2000만원 이하
556,58,남성,서울,서초구,서초동,5000만원이상
557,19,여성,대전,동구,가오동,4000~5000만원
558,30,여성,강원,강릉시,포남동,5000만원이상
559,35,여성,경기,용인시 수지구,상현동,3000~4000만원
560,34,남성,부산,동래구,복천동,5000만원이상
561,25,여성,서울,구로구,구로동,3000~4000만원
562,72,여성,경기,오산시,내삼미동,2000만원 이하
563,53,남성,경기,안성시,양성면,2000~3000만원
564,45,남성,대구,수성구,수성동3가,3000~4000만원
565,41,남성,대전,유성구,송강동,2000~3000만원
566,57,여성,경남,거제시,장평동,2000~3000만원
567,64,여성,부산,서구,아미동2가,5000만원이상
568,65,남성,경기,구리시,수택동,3000~4000만원
569,77,여성,전남,여수시,안산동,3000~4000만원
570,78,남성,전남,광양시,금호동,2000~3000만원
571,71,여성,경남,통영시,미수동,2000~3000만원
572,60,여성,경기,평택시,이충동,3000~4000만원
573,43,남성,경기,수원시 장안구,송죽동,3000~4000만원
574,59,여성,제주,서귀포시,동홍동,4000~5000만원
575,45,여성,경북,예천군,예천읍,2000만원 이하
576,62,남성,강원,홍천군,내면,3000~4000만원
577,70,남성,충남,천안시,두정동  ,2000~3000만원
578,40,남성,경북,구미시,선기동,5000만원이상
579,61,남성,경기,남양주시,다산동,2000만원 이하
580,73,여성,인천,부평구,부평동,4000~5000만원
581,54,여성,서울,강서구,화곡동,2000~3000만원
582,70,남성,대전,서구,내동,4000~5000만원
583,65,여성,경기,부천시 오정구,원종동,2000~3000만원
584,27,남성,대전,유성구,봉명동,2000~3000만원
585,60,남성,경남,남해군,삼동면,3000~4000만원
586,65,남성,경북,경주시,노동동,2000~3000만원
587,80,여성,서울,강남구,논현동,2000~3000만원
588,45,남성,경남,창원시 성산구,성주동,3000~4000만원
589,24,여성,경남,산청군,산청읍,5000만원이상
590,19,여성,전북,전주시 완산구,평화동2가,5000만원이상
591,41,남성,부산,수영구,망미동,4000~5000만원
592,77,여성,경남,김해시,삼계동,3000~4000만원
593,20,여성,경북,안동시,길안면,2000~3000만원
594,74,여성,부산,사상구,감전동,2000만원 이하
595,29,남성,경기,수원시 권선구,세류동,5000만원이상
596,62,남성,전북,전주시 덕진구,중동,2000~3000만원
597,64,여성,충북,충주시,교현동,5000만원이상
598,44,여성,서울,노원구,상계동,3000~4000만원
599,52,여성,경기,안산시 단원구,신길동,2000~3000만원
600,37,여성,울산,북구,달천동,4000~5000만원
601,69,여성,인천,남동구,만수동,5000만원이상
602,54,여성,경북,포항시 남구,대송면,4000~5000만원
603,41,남성,경남,창원시 진해구,경화동,2000~3000만원
604,48,여성,대구,달서구,감삼동,4000~5000만원
605,75,남성,인천,남동구,간석동,3000~4000만원
606,52,여성,경북,구미시,고아읍,2000만원 이하
607,37,남성,경남,진주시,신안동,2000만원 이하
608,73,여성,전북,전주시 완산구,효자동2가,4000~5000만원
609,36,남성,광주,광산구,흑석동,4000~5000만원
610,39,여성,경기,고양시 덕양구,삼송동,2000만원 이하
611,48,여성,경기,안산시 단원구,신길동,3000~4000만원
612,52,여성,서울,구로구,구로동,4000~5000만원
613,73,여성,대전,서구,내동,2000만원 이하
614,35,여성,인천,남동구,간석동,3000~4000만원
615,43,남성,경기,과천시,중앙동,2000만원 이하
616,28,남성,충북,청주시 청원구,율량동,3000~4000만원
617,55,여성,울산,울주군,온양읍,3000~4000만원
618,78,남성,충남,아산시,방축동,3000~4000만원
619,64,여성,인천,서구,마전동,2000만원 이하
620,66,남성,경기,성남시 중원구,금광동,5000만원이상
621,63,남성,경북,경산시,압량면,2000만원 이하
622,19,여성,인천,계양구,작전동,2000~3000만원
623,42,여성,인천,남동구,논현동,3000~4000만원
624,29,남성,경기,고양시 일산서,주엽동,3000~4000만원
625,21,남성,충남,공주시,옥룡동,3000~4000만원
626,60,여성,경기,이천시,장호원읍,2000~3000만원
627,55,남성,전남,목포시,산정동,4000~5000만원
628,59,남성,서울,서초구,방배동,2000~3000만원
629,56,여성,경북,구미시,진평동,3000~4000만원
630,35,여성,경기,고양시 일산동,풍동,3000~4000만원
631,28,여성,부산,금정구,남산동,4000~5000만원
632,77,남성,전남,광양시,광양읍,2000~3000만원
633,50,여성,서울,용산구,청파동1가,5000만원이상
634,73,남성,경기,부천시 원미구,약대동,2000~3000만원
635,65,여성,광주,서구,내방동,3000~4000만원
636,48,남성,충북,청주시 서원구,수곡동,3000~4000만원
637,40,여성,경기,광명시,광명동,2000만원 이하
638,36,남성,부산,북구,구포동,3000~4000만원
639,36,남성,경기,안양시 만안구,안양동,2000~3000만원
640,77,여성,서울,관악구,신림동,4000~5000만원
641,19,여성,강원,강릉시,노암동,2000만원 이하
642,38,남성,부산,북구,금곡동,2000~3000만원
643,21,여성,경북,경산시,서상동,2000~3000만원
644,47,남성,서울,강북구,수유동,2000만원 이하
645,78,여성,충남,당진시,면천면,4000~5000만원
646,34,남성,경기,수원시 팔달구,화서동,2000~3000만원
647,43,남성,경기,하남시,신장동,2000~3000만원
648,53,여성,경남,창원시 진해구,청안동,3000~4000만원
649,40,남성,광주,서구,마륵동,4000~5000만원
650,26,남성,대구,달서구,이곡동,4000~5000만원
651,51,여성,강원,삼척시,교동,5000만원이상
652,32,남성,경기,안성시,죽산면,3000~4000만원
653,68,남성,서울,도봉구,방학동,2000~3000만원
654,23,남성,경남,창원시 마산회,회원동,5000만원이상
655,38,남성,경기,남양주시,금곡동,3000~4000만원
656,32,여성,서울,동대문구,장안동,3000~4000만원
657,40,여성,경기,남양주시,퇴계원면,5000만원이상
658,74,여성,대구,중구,북성로1가,3000~4000만원
659,77,여성,전북,전주시 덕진구,팔복동2가,4000~5000만원
660,80,여성,경기,수원시 장안구,정자동,3000~4000만원
661,44,여성,서울,동작구,사당동,4000~5000만원
662,37,여성,서울,송파구,문정동,3000~4000만원
663,39,여성,서울,강서구,염창동,2000만원 이하
664,42,남성,서울,강북구,우이동,2000만원 이하
665,23,남성,경기,안산시 단원구,선부동,5000만원이상
666,49,남성,경북,포항시 남구,오천읍,2000~3000만원
667,53,남성,경남,거창군,거창읍,4000~5000만원
668,38,여성,전북,군산시,나운동,2000만원 이하
669,69,여성,전남,나주시,문평면,2000~3000만원
670,32,남성,경남,거제시,옥포동,5000만원이상
671,52,여성,인천,남동구,간석동,3000~4000만원
672,26,여성,전남,여수시,돌산읍,2000~3000만원
673,65,여성,경북,구미시,형곡동,2000만원 이하
674,71,남성,경기,평택시,고덕면,4000~5000만원
675,34,여성,강원,강릉시,옥계면,2000만원 이하
676,56,남성,충북,청주시 상당구,용담동,5000만원이상
677,20,여성,서울,서초구,잠원동,3000~4000만원
678,56,남성,경북,구미시,임은동,3000~4000만원
679,27,남성,부산,남구,우암동,2000만원 이하
680,54,여성,전남,여수시,소호동,2000~3000만원
681,79,여성,충남,천안시,쌍룡동  ,2000~3000만원
682,30,남성,경기,수원시 권선구,고색동,2000만원 이하
683,49,여성,서울,금천구,독산동,3000~4000만원
684,40,여성,경기,부천시,범박동,2000~3000만원
685,74,여성,전북,김제시,황산면,2000~3000만원
686,75,남성,부산,부산진구,연지동,4000~5000만원
687,63,남성,서울,중랑구,묵동,2000~3000만원
688,36,남성,대구,북구,태전동,2000~3000만원
689,55,남성,전남,순천시,덕암동,2000~3000만원
690,60,여성,경기,부천시,송내동,3000~4000만원
691,55,여성,서울,마포구,창전동,5000만원이상
692,65,남성,광주,남구,방림동,3000~4000만원
693,78,남성,부산,기장군,정관읍,2000~3000만원
694,67,여성,서울,강남구,도곡동,2000~3000만원
695,70,여성,광주,광산구,월곡동,2000만원 이하
696,78,남성,대구,북구,태전동,5000만원이상
697,29,여성,대구,북구,관음동,2000~3000만원
698,56,남성,경기,부천시,송내동,2000만원 이하
699,31,남성,경기,광주시,목현동,2000~3000만원
700,39,여성,경기,성남시 중원구,하대원동,2000~3000만원
701,37,여성,서울,서초구,방배동,2000~3000만원
702,43,여성,경기,양주시,남면,3000~4000만원
703,43,여성,서울,성동구,성수동2가,5000만원이상
704,74,여성,경남,통영시,도남동,2000~3000만원
705,65,여성,부산,사상구,주례동,5000만원이상
706,20,남성,서울,중랑구,면목동,2000~3000만원
707,47,남성,경기,성남시 분당구,야탑동,4000~5000만원
708,33,여성,서울,성북구,정릉동,4000~5000만원
709,70,여성,경북,군위군,우보면,4000~5000만원
710,64,남성,경기,남양주시,호평동,2000만원 이하
711,79,여성,인천,부평구,산곡동,3000~4000만원
712,26,여성,경기,용인시 수지구,풍덕천동,4000~5000만원
713,38,여성,서울,중랑구,묵동,2000만원 이하
714,66,남성,부산,해운대구,중동,2000만원 이하
715,74,여성,부산,금정구,구서동,4000~5000만원
716,38,남성,경기,화성시,송산동,4000~5000만원
717,73,여성,경기,수원시 영통구,망포동,5000만원이상
718,64,여성,인천,연수구,옥련동,2000~3000만원
719,67,여성,충북,청주시 흥덕구,복대동,3000~4000만원
720,41,여성,대구,수성구,신매동,5000만원이상
721,23,남성,경기,성남시 분당구,서현동,2000만원 이하
722,22,남성,강원,강릉시,주문진읍,4000~5000만원
723,69,여성,전북,전주시 완산구,평화동2가,2000~3000만원
724,40,여성,제주,서귀포시,동홍동,2000~3000만원
725,38,여성,부산,부산진구,부암동,4000~5000만원
726,36,남성,강원,속초시,중앙동,4000~5000만원
727,54,남성,경기,용인시 수지구,풍덕천동,2000~3000만원
728,41,여성,경북,포항시 남구,대잠동,2000~3000만원
729,19,여성,서울,도봉구,쌍문동,2000만원 이하
730,21,여성,인천,서구,왕길동,5000만원이상
731,65,여성,울산,남구,신정동,4000~5000만원
732,33,여성,경북,포항시 북구,용흥동,2000~3000만원
733,32,여성,인천,미추홀구,학익동,5000만원이상
734,34,여성,경기,수원시 권선구,고색동,5000만원이상
735,74,여성,경기,화성시,봉담읍,5000만원이상
736,45,남성,경남,창원시 마산합,월영동,2000~3000만원
737,60,여성,경남,창원시 의창구,신월동,4000~5000만원
738,56,여성,경북,경산시,남산면,2000~3000만원
739,44,여성,광주,광산구,월곡동,5000만원이상
740,78,남성,경기,평택시,비전동,2000만원 이하
741,73,여성,충남,아산시,권곡동,4000~5000만원
742,36,남성,전남,나주시,남평읍,2000~3000만원
743,46,여성,전북,익산시,부송동,3000~4000만원
744,46,여성,서울,강남구,일원동,5000만원이상
745,25,여성,인천,미추홀구,용현동,5000만원이상
746,49,여성,울산,북구,화봉동,4000~5000만원
747,48,여성,경북,영천시,완산동,4000~5000만원
748,36,여성,인천,부평구,부개동,2000~3000만원
749,28,남성,경기,용인시 기흥구,동백동,2000~3000만원
750,59,여성,전남,순천시,조례동,5000만원이상
751,39,여성,전남,완도군,군외면,3000~4000만원
752,23,여성,광주,북구,운암동,3000~4000만원
753,28,여성,인천,동구,송림동,5000만원이상
754,20,여성,경남,김해시,내동,2000만원 이하
755,75,남성,서울,종로구,창성동,3000~4000만원
756,23,여성,충남,논산시,양촌면,2000만원 이하
757,28,남성,경기,안양시 만안구,박달동,2000만원 이하
758,45,여성,서울,성북구,장위동,2000만원 이하
759,65,여성,부산,금정구,구서동,2000만원 이하
760,32,여성,인천,서구,석남동,5000만원이상
761,54,여성,울산,울주군,온양읍,3000~4000만원
762,58,여성,경남,창원시 의창구,북면,4000~5000만원
763,79,여성,경기,수원시 영통구,영통동,2000만원 이하
764,27,남성,강원,동해시,쇄운동,2000만원 이하
765,70,남성,경기,화성시,능동,3000~4000만원
766,74,여성,경기,부천시,원종동,2000만원 이하
767,19,여성,인천,미추홀구,학익동,3000~4000만원
768,77,남성,경기,남양주시,화도읍,5000만원이상
769,37,여성,경기,이천시,관고동,5000만원이상
770,68,여성,서울,노원구,상계동,2000만원 이하
771,61,여성,충남,서산시,동문동,2000만원 이하
772,67,여성,경기,부천시,도당동,4000~5000만원
773,54,여성,서울,동대문구,제기동,4000~5000만원
774,57,남성,경기,남양주시,화도읍,2000만원 이하
775,20,여성,경기,화성시,능동,2000~3000만원
776,71,남성,서울,마포구,상암동,2000~3000만원
777,66,남성,경남,거제시,문동동,5000만원이상
778,45,남성,서울,은평구,진관동,3000~4000만원
779,59,여성,경기,이천시,호법면,4000~5000만원
780,68,여성,경북,영천시,문외동,2000만원 이하
781,70,여성,경기,포천시,소흘읍,2000~3000만원
782,30,남성,경기,오산시,세교동,4000~5000만원
783,67,남성,부산,연제구,연산동,3000~4000만원
784,55,여성,서울,강남구,대치동,3000~4000만원
785,51,여성,경기,평택시,이충동,2000만원 이하
786,31,여성,울산,동구,일산동,2000만원 이하
787,27,여성,경북,포항시 북구,양덕동,4000~5000만원
788,24,여성,경기,고양시 덕양구,고양동,2000~3000만원
789,40,남성,광주,광산구,운남동,3000~4000만원
790,31,남성,충북,청주시 상당구,명암동,4000~5000만원
791,33,여성,경기,성남시 분당구,정자동,4000~5000만원
792,35,여성,부산,남구,용호동,2000만원 이하
793,26,여성,인천,연수구,연수동,5000만원이상
794,32,남성,전남,순천시,조례동,3000~4000만원
795,71,남성,서울,양천구,목동,2000~3000만원
796,21,여성,경북,포항시 남구,해도동,2000~3000만원
797,20,여성,서울,양천구,신정동,2000만원 이하
798,46,남성,서울,성북구,돈암동,3000~4000만원
799,69,남성,울산,북구,산하동,2000만원 이하
800,51,여성,강원,원주시,무실동,2000만원 이하
801,47,여성,광주,남구,진월동,3000~4000만원
802,29,여성,경기,성남시 분당구,금곡동,5000만원이상
803,60,남성,대구,수성구,수성동4가,5000만원이상
804,50,남성,경기,화성시,반송동,4000~5000만원
805,63,여성,강원,춘천시,석사동,5000만원이상
806,47,남성,서울,강남구,개포동,2000~3000만원
807,22,남성,경북,안동시,예안면,5000만원이상
808,65,남성,경기,안성시,원곡면,2000만원 이하
809,46,남성,전북,정읍시,과교동,4000~5000만원
810,52,여성,서울,강남구,대치동,5000만원이상
811,46,여성,서울,강서구,염창동,4000~5000만원
812,70,남성,서울,강북구,수유동,4000~5000만원
813,27,남성,인천,남구,학익동,2000~3000만원
814,71,남성,경북,안동시,예안면,4000~5000만원
815,71,여성,대전,유성구,상대동,2000만원 이하
816,59,남성,경기,남양주시,호평동,2000만원 이하
817,32,남성,대전,중구,옥계동,2000~3000만원
818,61,여성,인천,서구,가좌동,4000~5000만원
819,72,여성,경기,김포시,풍무동,5000만원이상
820,24,여성,충남,아산시,풍기동,2000만원 이하
821,71,여성,서울,노원구,상계동,5000만원이상
822,22,남성,충남,보령시,주포면,2000~3000만원
823,61,남성,대구,수성구,매호동,3000~4000만원
824,28,남성,경기,이천시,호법면,3000~4000만원
825,29,남성,인천,서구,불로동,2000만원 이하
826,65,여성,인천,미추홀구,도화동,2000만원 이하
827,75,남성,부산,사상구,주례동,4000~5000만원
828,46,여성,경남,창원시 성산구,반림동,5000만원이상
829,31,남성,경기,수원시 장안구,정자동,4000~5000만원
830,22,남성,경기,파주시,조리읍,2000~3000만원
831,41,여성,울산,울주군,상북면,3000~4000만원
832,72,남성,대구,동구,신기동,2000~3000만원
833,77,남성,경북,안동시,용상동,3000~4000만원
834,31,남성,제주,제주시,도남동,2000~3000만원
835,71,여성,전북,익산시,남중동,3000~4000만원
836,37,남성,경남,진주시,금산면,2000~3000만원
837,28,여성,인천,동구,화수동,5000만원이상
838,53,여성,강원,태백시,황지동,3000~4000만원
839,60,남성,서울,송파구,풍납동,4000~5000만원
840,66,남성,경기,시흥시,은행동,2000~3000만원
841,55,여성,경기,파주시,금촌동,3000~4000만원
842,50,남성,서울,강동구,명일동,2000만원 이하
843,51,남성,서울,광진구,군자동,2000~3000만원
844,35,남성,경기,고양시 덕양구,삼송동,3000~4000만원
845,22,남성,광주,북구,일곡동,4000~5000만원
846,30,남성,경남,김해시,삼계동,3000~4000만원
847,55,여성,울산,남구,삼산동,2000만원 이하
848,24,여성,울산,남구,무거동,3000~4000만원
849,49,여성,대구,달서구,성당동,4000~5000만원
850,80,남성,충남,태안군,태안읍,2000만원 이하
851,52,남성,부산,사하구,하단동,4000~5000만원
852,56,여성,인천,서구,석남동,3000~4000만원
853,63,남성,경기,용인시 수지구,성복동,4000~5000만원
854,19,남성,전남,순천시,별량면,4000~5000만원
855,24,남성,경기,수원시 팔달구,화서동,3000~4000만원
856,66,남성,경기,안양시 동안구,비산동,2000만원 이하
857,22,여성,경기,용인시 기흥구,신갈동,2000만원 이하
858,41,여성,경기,부천시,역곡동,5000만원이상
859,25,남성,서울,서초구,양재동,5000만원이상
860,37,여성,경기,수원시 권선구,탑동,2000만원 이하
861,60,남성,강원,원주시,문막읍,5000만원이상
862,71,남성,경북,영주시,조암동,2000~3000만원
863,71,여성,부산,사하구,괴정동,3000~4000만원
864,27,여성,울산,남구,무거동,3000~4000만원
865,54,여성,서울,중구,명동1가,4000~5000만원
866,65,남성,대구,달서구,대천동,4000~5000만원
867,62,여성,강원,춘천시,후평동,3000~4000만원
868,63,남성,대구,서구,내당동,4000~5000만원
869,70,여성,충남,금산군,추부면,5000만원이상
870,30,남성,충북,청주시 청원구,내수읍,4000~5000만원
871,24,여성,경기,안양시 동안구,호계동,5000만원이상
872,34,남성,광주,서구,풍암동,5000만원이상
873,71,여성,인천,부평구,삼산동,2000만원 이하
874,45,여성,서울,동작구,노량진동,2000만원 이하
875,37,남성,충북,옥천군,옥천읍,5000만원이상
876,49,여성,서울,송파구,석촌동,5000만원이상
877,73,여성,인천,연수구,옥련동,3000~4000만원
878,44,여성,경기,구리시,인창동,3000~4000만원
879,30,여성,대전,동구,대성동,3000~4000만원
880,22,남성,서울,성북구,정릉동,2000만원 이하
881,37,남성,경기,광주시,오포읍,2000~3000만원
882,50,남성,전남,여수시,학용동,2000~3000만원
883,48,여성,서울,영등포구,영등포동7가,5000만원이상
884,24,여성,울산,북구,화봉동,2000만원 이하
885,24,여성,부산,동구,좌천동,3000~4000만원
886,45,남성,전남,해남군,해남읍,4000~5000만원
887,52,남성,경북,안동시,안기동,2000만원 이하
888,52,여성,부산,영도구,동삼동,3000~4000만원
889,71,남성,경북,칠곡군,왜관읍,5000만원이상
890,23,여성,대구,북구,침산동,3000~4000만원
891,24,여성,전남,신안군,압해읍,4000~5000만원
892,54,남성,충북,청주시 상당구,용암동,5000만원이상
893,45,여성,대구,달서구,송현동,2000~3000만원
894,53,남성,충남,공주시,옥룡동,5000만원이상
895,49,여성,대구,북구,침산동,5000만원이상
896,59,여성,충남,천안시,목천읍  ,4000~5000만원
897,64,여성,대구,동구,각산동,2000만원 이하
898,72,남성,대전,대덕구,송촌동,2000만원 이하
899,26,여성,경북,경주시,황성동,5000만원이상
900,45,남성,대전,동구,용운동,3000~4000만원
901,60,남성,경기,하남시,덕풍동,2000만원 이하
902,44,남성,경남,거제시,장승포동,2000만원 이하
903,51,여성,경기,광명시,광명동,5000만원이상
904,25,남성,경남,진주시,하대동,2000~3000만원
905,67,남성,충남,아산시,모종동,5000만원이상
906,78,남성,경기,안산시 단원구,고잔동,4000~5000만원
907,78,여성,광주,북구,오치동,2000~3000만원
908,80,남성,전남,장흥군,장흥읍,4000~5000만원
909,28,남성,경기,광주시,초월읍,4000~5000만원
910,48,남성,경남,거창군,거창읍,5000만원이상
911,32,여성,경북,문경시,흥덕동,2000만원 이하
912,65,여성,경기,양평군,강상면,2000~3000만원
913,33,남성,경기,수원시 권선구,구운동,2000~3000만원
914,35,여성,서울,관악구,봉천동,3000~4000만원
915,47,남성,대구,수성구,만촌동,5000만원이상
916,60,여성,서울,강동구,성내동,2000~3000만원
917,31,남성,전남,화순군,화순읍,3000~4000만원
918,57,남성,제주,제주시,애월읍,3000~4000만원
919,56,남성,충북,제천시,천남동,2000~3000만원
920,32,여성,경남,진주시,대평면,5000만원이상
921,29,여성,충북,증평군,증평읍,4000~5000만원
922,64,여성,울산,중구,우정동,3000~4000만원
923,54,남성,전북,익산시,모현동1가,4000~5000만원
924,76,남성,서울,송파구,풍납동,2000만원 이하
925,31,남성,대구,수성구,지산동,4000~5000만원
926,66,남성,경남,양산시,주진동,4000~5000만원
927,32,남성,서울,용산구,한강로2가,4000~5000만원
928,40,여성,경기,안양시 동안구,비산동,5000만원이상
929,70,남성,부산,사하구,신평동,2000~3000만원
930,44,남성,서울,중랑구,신내동,2000~3000만원
931,40,남성,서울,강동구,상일동,5000만원이상
932,64,여성,대구,동구,용수동,5000만원이상
933,20,여성,인천,남동구,만수동,2000만원 이하
934,62,남성,전남,목포시,상동,4000~5000만원
935,35,남성,울산,동구,일산동,3000~4000만원
936,72,남성,서울,서초구,서초동,4000~5000만원
937,55,남성,서울,동작구,사당동,4000~5000만원
938,39,여성,경북,포항시 북구,죽도동,5000만원이상
939,71,여성,대전,서구,둔산동,2000~3000만원
940,77,여성,경북,칠곡군,석적읍,3000~4000만원
941,77,여성,서울,동대문구,이문동,5000만원이상
942,62,여성,경기,고양시 덕양구,대자동,2000만원 이하
943,30,여성,서울,영등포구,당산동4가,3000~4000만원
944,24,남성,인천,부평구,부평동,5000만원이상
945,67,여성,경기,부천시 소사구,심곡본동,2000~3000만원
946,42,남성,서울,서대문구,북아현동,2000~3000만원
947,68,여성,울산,동구,방어동,4000~5000만원
948,25,여성,대전,중구,용두동,5000만원이상
949,52,남성,경기,부천시 오정구,삼정동,3000~4000만원
950,45,남성,경북,포항시 북구,두호동,2000만원 이하
951,79,여성,서울,성북구,석관동,5000만원이상
952,71,여성,인천,미추홀구,주안동,3000~4000만원
953,41,남성,부산,영도구,동삼동,3000~4000만원
954,31,여성,울산,동구,동부동,3000~4000만원
955,20,남성,충북,영동군,영동읍,2000만원 이하
956,74,여성,경기,광명시,철산동,5000만원이상
957,60,남성,부산,금정구,서동,4000~5000만원
958,61,여성,인천,부평구,십정동,4000~5000만원
959,67,남성,경북,구미시,옥계동,5000만원이상
960,77,남성,부산,기장군,일광면,3000~4000만원
961,55,여성,전남,광양시,광양읍,2000~3000만원
962,48,여성,전북,군산시,수송동,5000만원이상
963,66,여성,대전,중구,사정동,5000만원이상
964,50,여성,경기,파주시,동패동,2000~3000만원
965,56,여성,경남,거제시,연초면,2000~3000만원
966,67,여성,경기,시흥시,배곧동,5000만원이상
967,68,여성,대구,달성군,가창면,3000~4000만원
968,36,남성,서울,마포구,서교동,5000만원이상
969,77,여성,경기,성남시 중원구,상대원동,4000~5000만원
970,49,여성,인천,남동구,서창동,4000~5000만원
971,59,여성,경기,안성시,보개면,2000만원 이하
972,53,남성,경기,의왕시,오전동,5000만원이상
973,80,남성,서울,서대문구,북아현동,2000만원 이하
974,60,여성,서울,금천구,독산동,2000만원 이하
975,43,남성,서울,송파구,문정동,3000~4000만원
976,63,여성,인천,동구,송현동,5000만원이상
977,27,여성,경기,부천시,고강동,2000만원 이하
978,50,여성,충남,예산군,신암면,5000만원이상
979,79,여성,경기,고양시 일산서,일산동,3000~4000만원
980,78,여성,세종특별자치시,세종시,조치원읍,3000~4000만원
981,24,남성,경남,창원시 성산구,상남동,5000만원이상
982,23,남성,경기,시흥시,정왕동,4000~5000만원
983,74,남성,인천,중구,운남동,3000~4000만원
984,23,여성,경기,용인시 기흥구,중동,2000~3000만원
985,46,남성,울산,북구,매곡동,4000~5000만원
986,64,여성,울산,남구,달동,4000~5000만원
987,79,남성,서울,영등포구,여의도동,4000~5000만원
988,71,남성,대구,중구,삼덕동2가,2000~3000만원
989,59,여성,경기,화성시,봉담읍,2000만원 이하
990,48,남성,충북,보은군,내북면,4000~5000만원
991,37,남성,대전,서구,탄방동,2000~3000만원
992,56,남성,서울,동작구,노량진동,3000~4000만원
993,37,여성,부산,북구,화명동,2000만원 이하
994,75,남성,경기,평택시,동삭동,2000만원 이하
995,77,남성,대전,서구,도마동,3000~4000만원
996,22,여성,서울,구로구,구로동,5000만원이상
997,61,여성,인천,남동구,간석동,2000~3000만원
998,60,여성,인천,옹진군,덕적면,3000~4000만원
999,26,남성,서울,동작구,신대방동,3000~4000만원
